,Drug Regimen,Mouse ID,Tumor Volume (mm3)
1277,Ketapril,o331,78.56701362
1152,Naftisol,l725,76.66881742
1354,Ketapril,p189,75.2949359
1179,Stelasyn,m269,75.12368955
1571,Naftisol,t724,75.11328801
567,Naftisol,a818,74.99776443
1353,Ketapril,p189,74.10609077
930,Ketapril,h246,74.10408567
679,Stelasyn,c402,74.04039018
1203,Ketapril,m650,73.90139912
1892,Naftisol,z969,73.86784476
1043,Ketapril,k382,73.71561899999999
1151,Naftisol,l725,73.69349382
850,Zoniferol,f545,73.32443228
784,Placebo,e227,73.21293851
1304,Placebo,o795,73.05945435
610,Naftisol,b559,73.05136339
1528,Stelasyn,s565,72.58896447
627,Stelasyn,b879,72.55523894
1290,Propriva,o562,72.45542116
577,Placebo,a897,72.25596306
637,Infubinol,c139,72.2267309
864,Ketapril,g107,71.90511721
1276,Ketapril,o331,71.44774251
1289,Propriva,o562,71.17246321
929,Ketapril,h246,71.15083468
849,Zoniferol,f545,71.10811835
1434,Zoniferol,q633,70.82779631
1202,Ketapril,m650,70.79706787
483,Placebo,a262,70.71762058
783,Placebo,e227,70.7152176
1023,Stelasyn,j984,70.65383162
903,Propriva,g570,70.49278763
1891,Naftisol,z969,70.31490411
1303,Placebo,o795,70.26647887
678,Stelasyn,c402,70.22229679
1178,Stelasyn,m269,70.21464419
1658,Propriva,v991,70.16774899
1275,Ketapril,o331,70.12623754
609,Naftisol,b559,69.96961645
884,Ketapril,g497,69.87225079
716,Placebo,c766,69.82314577
1475,Naftisol,r701,69.77854407
1570,Naftisol,t724,69.72832559
482,Placebo,a262,69.59273198
1013,Naftisol,j755,69.56362076
636,Infubinol,c139,69.42814095
1086,Stelasyn,k862,69.29914907
566,Naftisol,a818,69.27381374
1201,Ketapril,m650,69.26574681
1193,Ketapril,m550,69.25350312
1890,Naftisol,z969,69.17624607
863,Ketapril,g107,69.16051982
1150,Naftisol,l725,69.12570173
1302,Placebo,o795,69.08509415
706,Placebo,c757,69.04284082
1369,Stelasyn,p387,69.03887618
1033,Ceftamin,k210,68.92318457
1550,Stelasyn,t451,68.7116302
1177,Stelasyn,m269,68.68991735
1416,Zoniferol,q511,68.61106075
1845,Ceftamin,y769,68.59474498
902,Propriva,g570,68.52585616
1433,Zoniferol,q633,68.49863876
1719,Zoniferol,w575,68.40128593
810,Naftisol,e584,68.3597767
1301,Placebo,o795,68.21706974
1192,Ketapril,m550,68.21072019
874,Zoniferol,g296,68.16319517
1678,Placebo,w167,68.13428817
1703,Ketapril,w422,67.98953001
463,Infubinol,a203,67.97341878
647,Zoniferol,c264,67.94212107
1352,Ketapril,p189,67.87377675
635,Infubinol,c139,67.82141969
1022,Stelasyn,j984,67.77708036
1112,Ceftamin,l471,67.74866174
1569,Naftisol,t724,67.74432795
883,Ketapril,g497,67.74281406
1176,Stelasyn,m269,67.71250988
1813,Infubinol,y163,67.68556862
715,Placebo,c766,67.68529456
1549,Stelasyn,t451,67.65479599
1085,Stelasyn,k862,67.57134128
1670,Ceftamin,w151,67.52748237
1042,Ketapril,k382,67.42095521
949,Infubinol,i386,67.28962147
1527,Stelasyn,s565,67.22100698
576,Placebo,a897,67.21174279
928,Ketapril,h246,67.2112701
1012,Naftisol,j755,67.2077103
1677,Placebo,w167,67.19787186
626,Stelasyn,b879,67.18912666
1351,Ketapril,p189,67.10453665
782,Placebo,e227,66.94912136
1833,Placebo,y478,66.84263453
510,Zoniferol,a401,66.79415599
848,Zoniferol,f545,66.74292417
1474,Naftisol,r701,66.64072178
1032,Ceftamin,k210,66.62283628
705,Placebo,c757,66.60436771
1149,Naftisol,l725,66.59954515
1084,Stelasyn,k862,66.58072244
481,Placebo,a262,66.56196302
1368,Stelasyn,p387,66.4922038
1274,Ketapril,o331,66.33066347
1593,Ketapril,u327,66.26880133
1246,Ketapril,n923,66.22960554
1053,Infubinol,k483,66.19691151
1444,Placebo,q787,66.09647477
540,Infubinol,a685,66.08306589
1041,Ketapril,k382,66.07918483
1832,Placebo,y478,65.97112017
714,Placebo,c766,65.95236791
847,Zoniferol,f545,65.89398607
1889,Naftisol,z969,65.84101274
657,Placebo,c282,65.81516535
677,Stelasyn,c402,65.8079627
1300,Placebo,o795,65.74177723
1882,Naftisol,z795,65.74107029
646,Zoniferol,c264,65.70832272
608,Naftisol,b559,65.70576275
473,Infubinol,a251,65.52574285
1614,Naftisol,v295,65.46607444
735,Ketapril,c832,65.41595451
1288,Propriva,o562,65.36076742
978,Stelasyn,i901,65.34181087
656,Placebo,c282,65.02179944
1148,Naftisol,l725,65.00882889
480,Placebo,a262,64.95809178
1693,Propriva,w350,64.95756185
1718,Zoniferol,w575,64.93840621
948,Infubinol,i386,64.92542037
1540,Propriva,t198,64.91136268
1200,Ketapril,m650,64.90188755
1175,Stelasyn,m269,64.89301976
1657,Propriva,v991,64.8511286
1526,Stelasyn,s565,64.77657909
1473,Naftisol,r701,64.73001045
1855,Ceftamin,y865,64.72983655
862,Ketapril,g107,64.66362579
1773,Ceftamin,x581,64.63494887
667,Zoniferol,c302,64.57522157
1334,Ketapril,o973,64.48781246
977,Stelasyn,i901,64.30345451
1162,Ceftamin,l733,64.29983003
1003,Zoniferol,j365,64.29408493
704,Placebo,c757,64.29116351
625,Stelasyn,b879,64.26088633
1844,Ceftamin,y769,64.25102761
1568,Naftisol,t724,64.2345947
1406,Ceftamin,q483,64.19234114
751,Propriva,c927,64.18322918
634,Infubinol,c139,64.14987077
1052,Infubinol,k483,64.13872489
1498,Placebo,s152,64.11914213
882,Ketapril,g497,64.09488929999999
1021,Stelasyn,j984,64.05539896
575,Placebo,a897,64.0528731
1142,Naftisol,l700,63.94664044
1656,Propriva,v991,63.89531294
1111,Ceftamin,l471,63.84485785
1548,Stelasyn,t451,63.75698964
676,Stelasyn,c402,63.74319428
1734,Stelasyn,w697,63.68904216
1717,Zoniferol,w575,63.68644503
1525,Stelasyn,s565,63.66896678
1812,Infubinol,y163,63.62067958
927,Ketapril,h246,63.59960954
462,Infubinol,a203,63.59349002
1215,Naftisol,n304,63.58639514
1344,Zoniferol,p136,63.48869678
1854,Ceftamin,y865,63.46954946
1040,Ketapril,k382,63.46944155
500,Stelasyn,a366,63.44068627
1843,Ceftamin,y769,63.43063221
1561,Placebo,t718,63.42369517
1031,Ceftamin,k210,63.32933023
565,Naftisol,a818,63.29854586
1752,Naftisol,x264,63.28328821
666,Zoniferol,c302,63.28107148
1367,Stelasyn,p387,63.26924552
1415,Zoniferol,q511,63.19442807
1627,Ketapril,v603,63.18943184
1888,Naftisol,z969,63.14565213
1432,Zoniferol,q633,63.1256593
774,Naftisol,e213,63.1056963
472,Infubinol,a251,63.09507565
1702,Ketapril,w422,63.07258467
493,Ceftamin,a275,62.99935619
1141,Naftisol,l700,62.98667798
1823,Ketapril,y260,62.90944062
809,Naftisol,e584,62.81687083
587,Stelasyn,a963,62.76509317
1872,Infubinol,z581,62.75445141
1655,Propriva,v991,62.74364308
1011,Naftisol,j755,62.7328576
861,Ketapril,g107,62.70603145
1465,Naftisol,r604,62.67075904
734,Ketapril,c832,62.57231816
1191,Ketapril,m550,62.53915386
781,Placebo,e227,62.46438515
800,Infubinol,e476,62.43540402
1881,Naftisol,z795,62.37663884
1497,Placebo,s152,62.35160945
901,Propriva,g570,62.3304204
1325,Zoniferol,o926,62.32796606
1002,Zoniferol,j365,62.32717066
1692,Propriva,w350,62.32434769
1199,Ketapril,m650,62.253596900000005
665,Zoniferol,c302,62.23657157
873,Zoniferol,g296,62.22191493
550,Propriva,a699,62.19141437
1669,Ceftamin,w151,62.18795039
725,Ketapril,c819,62.17570465
976,Stelasyn,i901,62.12733561
1076,Infubinol,k804,62.11727887
1518,Zoniferol,s337,62.10965102
1350,Ketapril,p189,62.10895956
1443,Placebo,q787,62.0341267
1267,Placebo,o302,62.03059364
461,Infubinol,a203,61.93165007
1613,Naftisol,v295,61.89315267
1831,Placebo,y478,61.88802678
750,Propriva,c927,61.87227365
1676,Placebo,w167,61.86857673
993,Ceftamin,j296,61.84902336
689,Zoniferol,c559,61.84005842
893,Propriva,g558,61.77496268
509,Zoniferol,a401,61.76860538
1811,Infubinol,y163,61.73019562
1763,Stelasyn,x402,61.61960615
1560,Placebo,t718,61.530398899999994
799,Infubinol,e476,61.52527583
1140,Naftisol,l700,61.46260354
633,Infubinol,c139,61.46196976
1379,Ceftamin,p438,61.43389223
1701,Ketapril,w422,61.40961994
1110,Ceftamin,l471,61.40599916
1797,Ceftamin,x822,61.38666032
1343,Zoniferol,p136,61.38024887
1751,Naftisol,x264,61.29960778
1020,Stelasyn,j984,61.24050573
607,Naftisol,b559,61.19038663
1853,Ceftamin,y865,61.15313991
1174,Stelasyn,m269,61.14586638
733,Ketapril,c832,61.12448717
881,Ketapril,g497,61.108185999999996
1273,Ketapril,o331,61.10230575
645,Zoniferol,c264,61.07479506
1842,Ceftamin,y769,61.07194886
742,Infubinol,c895,60.96971133
492,Ceftamin,a275,60.92153868
834,Infubinol,f345,60.91876652
1822,Ketapril,y260,60.91417627
624,Stelasyn,b879,60.90761481
471,Infubinol,a251,60.90388455
892,Propriva,g558,60.86215883
688,Zoniferol,c559,60.86184431
1190,Ketapril,m550,60.85654272
1414,Zoniferol,q511,60.83866059
749,Propriva,c927,60.753924600000005
1096,Zoniferol,k894,60.75270417
1733,Stelasyn,w697,60.72063591
1299,Placebo,o795,60.61005916
1083,Stelasyn,k862,60.60543979
780,Placebo,e227,60.60029169
975,Stelasyn,i901,60.59185755
539,Infubinol,a685,60.56790371
1051,Infubinol,k483,60.54156159
1266,Placebo,o302,60.51710253
732,Ketapril,c832,60.49637579
1592,Ketapril,u327,60.46654541
1559,Placebo,t718,60.46389851
1880,Naftisol,z795,60.43565416
557,Zoniferol,a788,60.41370908
872,Zoniferol,g296,60.38451978
1245,Ketapril,n923,60.35629432
508,Zoniferol,a401,60.34714467
1472,Naftisol,r701,60.34181872
1442,Placebo,q787,60.33385242
900,Propriva,g570,60.32871705
1772,Ceftamin,x581,60.28040549
713,Placebo,c766,60.2559245
846,Zoniferol,f545,60.25348139
1333,Ketapril,o973,60.24221931
773,Naftisol,e213,60.23654797
764,Ketapril,d474,60.23373278
1464,Naftisol,r604,60.18611531
1225,Infubinol,n671,60.16518046
1716,Zoniferol,w575,60.15306524
479,Placebo,a262,60.13186217
523,Stelasyn,a492,60.12201052
703,Placebo,c757,60.09857184
1700,Ketapril,w422,60.09663467
992,Ceftamin,j296,60.07268848
564,Naftisol,a818,60.07237198
798,Infubinol,e476,60.064340200000004
1871,Infubinol,z581,60.05373963
1654,Propriva,v991,60.01674733
1508,Propriva,s187,60.00878263
1010,Naftisol,j755,60.00720978
1030,Ceftamin,k210,59.98950976
574,Placebo,a897,59.91693443
1324,Zoniferol,o926,59.90304448
655,Placebo,c282,59.88765475
470,Infubinol,a251,59.86124129
1132,Ceftamin,l661,59.85195552
1214,Naftisol,n304,59.83050667
1567,Naftisol,t724,59.82606797
1879,Naftisol,z795,59.78963589999999
1050,Infubinol,k483,59.74707708
1260,Ceftamin,o287,59.74190064
1287,Propriva,o562,59.65352453
1244,Ketapril,n923,59.63256052
1147,Naftisol,l725,59.61515479999999
1821,Ketapril,y260,59.60355821
1796,Ceftamin,x822,59.55568466
926,Ketapril,h246,59.5488537
460,Infubinol,a203,59.52319728
1039,Ketapril,k382,59.50390392
687,Zoniferol,c559,59.45504074
1161,Ceftamin,l733,59.44350649999999
1810,Infubinol,y163,59.41253724
1830,Placebo,y478,59.37461452
1413,Zoniferol,q511,59.3643535
1612,Naftisol,v295,59.33377202
1378,Ceftamin,p438,59.30528806
1547,Stelasyn,t451,59.27582268
1405,Ceftamin,q483,59.25348433
1075,Infubinol,k804,59.24061511
1463,Naftisol,r604,59.21700015
1131,Ceftamin,l661,59.20566876
947,Infubinol,i386,59.13364029
1387,Stelasyn,p981,59.13102297
1539,Propriva,t198,59.12995997
1852,Ceftamin,y865,59.0332753
499,Stelasyn,a366,59.01172817
654,Placebo,c282,59.00590207
1272,Ketapril,o331,58.96572043
891,Propriva,g558,58.95282911
731,Ketapril,c832,58.89181644
845,Zoniferol,f545,58.84118888
1082,Stelasyn,k862,58.7192973
991,Ceftamin,j296,58.71448296
1095,Zoniferol,k894,58.64705616
1787,Placebo,x773,58.63497149
962,Propriva,i635,58.63340414
1870,Infubinol,z581,58.62839878
549,Propriva,a699,58.60544816
1323,Zoniferol,o926,58.59399318
1715,Zoniferol,w575,58.58732169
1820,Ketapril,y260,58.58267634
1524,Stelasyn,s565,58.55361079
586,Stelasyn,a963,58.46378685
1451,Propriva,r107,58.40647256
1668,Ceftamin,w151,58.33914095
1841,Ceftamin,y769,58.33595901
833,Infubinol,f345,58.31559250000001
675,Stelasyn,c402,58.26988853
1726,Infubinol,w584,58.26844248
772,Naftisol,e213,58.24585435
712,Placebo,c766,58.21462437
1750,Naftisol,x264,58.15869423
860,Ketapril,g107,58.13554485
1366,Stelasyn,p387,58.09848946
1109,Ceftamin,l471,58.09360446
538,Infubinol,a685,58.09262925
1591,Ketapril,u327,58.08902837
808,Naftisol,e584,58.08655989
1771,Ceftamin,x581,58.07758293
1431,Zoniferol,q633,58.05725257
1009,Naftisol,j755,58.05581822
696,Ketapril,c580,58.04656941
1237,Placebo,n763,58.01114583
871,Zoniferol,g296,57.99770642
797,Infubinol,e476,57.99279743
1626,Ketapril,v603,57.99055378
1878,Naftisol,z795,57.94709984
925,Ketapril,h246,57.93591218
522,Stelasyn,a492,57.92849897
1119,Ceftamin,l490,57.91838132
1887,Naftisol,z969,57.89877823
1471,Naftisol,r701,57.89848998
1829,Placebo,y478,57.82697598
1038,Ketapril,k382,57.82435071
644,Zoniferol,c264,57.82391556
1332,Ketapril,o973,57.76995952
822,Stelasyn,f234,57.74875831
1653,Propriva,v991,57.74069459
1538,Propriva,t198,57.73594116
724,Ketapril,c819,57.72953466
1450,Propriva,r107,57.70666715
1558,Placebo,t718,57.70411372
1611,Naftisol,v295,57.69185918
1342,Zoniferol,p136,57.63078195
1189,Ketapril,m550,57.62068237
1732,Stelasyn,w697,57.610394299999996
1160,Ceftamin,l733,57.60079774
1675,Placebo,w167,57.54815669
1377,Ceftamin,p438,57.53855546
741,Infubinol,c895,57.53419288
880,Ketapril,g497,57.52444611
1049,Infubinol,k483,57.43200731
664,Zoniferol,c302,57.41974389
469,Infubinol,a251,57.41464570000001
796,Infubinol,e476,57.408638
1236,Placebo,n763,57.38241296
1590,Ketapril,u327,57.31407239
521,Stelasyn,a492,57.30855379
498,Stelasyn,a366,57.28598742
1412,Zoniferol,q511,57.25758287
1566,Naftisol,t724,57.22940914
1496,Placebo,s152,57.22498064
1259,Ceftamin,o287,57.1971929
1851,Ceftamin,y865,57.17353846
686,Zoniferol,c559,57.14614388
1213,Naftisol,n304,57.12241926
702,Placebo,c757,57.10641821
1019,Stelasyn,j984,57.06435479
1081,Stelasyn,k862,57.05784818
1341,Zoniferol,p136,57.05280546
1523,Stelasyn,s565,57.04618912
606,Naftisol,b559,57.04366929
530,Infubinol,a577,57.03186187
478,Placebo,a262,57.01331331
1517,Zoniferol,s337,56.99481589
643,Zoniferol,c264,56.96676876
563,Naftisol,a818,56.96627332
1001,Zoniferol,j365,56.96120016
1699,Ketapril,w422,56.95791715
1537,Propriva,t198,56.92497431
1322,Zoniferol,o926,56.91739838
1749,Naftisol,x264,56.89105283
821,Stelasyn,f234,56.87381654
1243,Ketapril,n923,56.85546498
899,Propriva,g570,56.8494056
1828,Placebo,y478,56.84885016
961,Propriva,i635,56.84243514
585,Stelasyn,a963,56.81397646
990,Ceftamin,j296,56.80306121
1795,Ceftamin,x822,56.79656665
459,Infubinol,a203,56.79320832
1198,Ketapril,m650,56.777938799999994
556,Zoniferol,a788,56.770280299999996
1667,Ceftamin,w151,56.76715821
632,Infubinol,c139,56.74200681
1605,Ketapril,v289,56.72009545
730,Ketapril,c832,56.71023353
1762,Stelasyn,x402,56.69172294
946,Infubinol,i386,56.68786392
1691,Propriva,w350,56.68355758
1139,Naftisol,l700,56.653215
779,Placebo,e227,56.60755210000001
1365,Stelasyn,p387,56.58761679999999
974,Stelasyn,i901,56.575194999999994
748,Propriva,c927,56.54551947
1349,Ketapril,p189,56.53020447
1576,Placebo,t994,56.52795159
832,Infubinol,f345,56.52332726
548,Propriva,a699,56.51068234
1507,Propriva,s187,56.48521984
763,Ketapril,d474,56.47911257
1130,Ceftamin,l661,56.47412871
623,Stelasyn,b879,56.46998744
771,Naftisol,e213,56.45872864
573,Placebo,a897,56.41331977
1376,Ceftamin,p438,56.40642173
491,Ceftamin,a275,56.35353804
1386,Stelasyn,p981,56.33910432
1159,Ceftamin,l733,56.31906537
653,Placebo,c282,56.29220039
695,Ketapril,c580,56.28906231
1869,Infubinol,z581,56.28674991
1340,Zoniferol,p136,56.28147652
520,Stelasyn,a492,56.20104104
1536,Propriva,t198,56.18466399
924,Ketapril,h246,56.18432701
1265,Placebo,o302,56.17761143
1809,Infubinol,y163,56.17638452
1224,Infubinol,n671,56.17445785
723,Ketapril,c819,56.09899820000001
1625,Ketapril,v603,56.07523001
1589,Ketapril,u327,56.05963409
600,Ceftamin,b487,56.05774909
1786,Placebo,x773,55.98767551
973,Stelasyn,i901,55.97440502
507,Zoniferol,a401,55.91016159
1173,Stelasyn,m269,55.9053436
1298,Placebo,o795,55.88633793
1690,Propriva,w350,55.87990896
1557,Placebo,t718,55.87658787
1492,Propriva,s141,55.84141007
1118,Ceftamin,l490,55.81003359
989,Ceftamin,j296,55.76714817
890,Propriva,g558,55.75408257
593,Zoniferol,b313,55.74514628
617,Ceftamin,b759,55.74282869
1610,Naftisol,v295,55.73137535
1430,Zoniferol,q633,55.6831017
960,Propriva,i635,55.67999656
1074,Infubinol,k804,55.67480798
870,Zoniferol,g296,55.6701066
605,Naftisol,b559,55.65445572
1725,Infubinol,w584,55.65083791
1485,Infubinol,s121,55.65068132
1312,Infubinol,o809,55.62942846
1714,Zoniferol,w575,55.5918155
1565,Naftisol,t724,55.58461724
694,Ketapril,c580,55.57532195
1546,Stelasyn,t451,55.52755345
1008,Naftisol,j755,55.49660753
1770,Ceftamin,x581,55.49282602
747,Propriva,c927,55.48168922
937,Stelasyn,h333,55.45528975
537,Infubinol,a685,55.45385519
1794,Ceftamin,x822,55.44515483
1235,Placebo,n763,55.41365961
1094,Zoniferol,k894,55.36266238
1360,Propriva,p310,55.34183416
762,Ketapril,d474,55.34134157
1129,Ceftamin,l661,55.32909936
497,Stelasyn,a366,55.26558163
1449,Propriva,r107,55.263858400000004
1364,Stelasyn,p387,55.25138033
795,Infubinol,e476,55.24927296
1761,Stelasyn,x402,55.24096223
770,Naftisol,e213,55.22447615
1785,Placebo,x773,55.19273639
458,Infubinol,a203,55.17333648
790,Naftisol,e291,55.1389525
1258,Ceftamin,o287,55.11829029
879,Ketapril,g497,55.09699356
889,Propriva,g558,55.09009691
945,Infubinol,i386,55.08772445
616,Ceftamin,b759,55.08363235
663,Zoniferol,c302,55.07622853
1212,Naftisol,n304,55.03901985
1441,Placebo,q787,55.03620625
1840,Ceftamin,y769,55.02572434
807,Naftisol,e584,54.98440767
1404,Ceftamin,q483,54.95222585
1158,Ceftamin,l733,54.95166826
1339,Zoniferol,p136,54.91379857
674,Stelasyn,c402,54.88332044
562,Naftisol,a818,54.8346245
1311,Infubinol,o809,54.832628799999995
1223,Infubinol,n671,54.82252091
1516,Zoniferol,s337,54.81081251
1271,Ketapril,o331,54.78976769
1048,Infubinol,k483,54.77896052
1321,Zoniferol,o926,54.76333852
1286,Propriva,o562,54.74273316
1886,Naftisol,z969,54.71300452
519,Stelasyn,a492,54.70122868
1462,Naftisol,r604,54.68821536
1397,Infubinol,q132,54.65654872
898,Propriva,g570,54.64329541
1029,Ceftamin,k210,54.61397279
572,Placebo,a897,54.59570541
1652,Propriva,v991,54.588591
1808,Infubinol,y163,54.57107607
642,Zoniferol,c264,54.568195700000004
685,Zoniferol,c559,54.55544168
1375,Ceftamin,p438,54.51057493
1257,Ceftamin,o287,54.50300122
1073,Infubinol,k804,54.48451945
1080,Stelasyn,k862,54.47453362
468,Infubinol,a251,54.46259376
490,Ceftamin,a275,54.44471317
615,Ceftamin,b759,54.44303502
1819,Ketapril,y260,54.43756172
1037,Ketapril,k382,54.42916821
1000,Zoniferol,j365,54.40488176
1093,Zoniferol,k894,54.40012279
529,Infubinol,a577,54.38093154
547,Propriva,a699,54.37934505
1018,Stelasyn,j984,54.37251567
831,Infubinol,f345,54.36379731
1760,Stelasyn,x402,54.35158463
1522,Stelasyn,s565,54.32831664
1868,Infubinol,z581,54.31640682
761,Ketapril,d474,54.27932462
1604,Ketapril,v289,54.25005397
1146,Naftisol,l725,54.24456268
1138,Naftisol,l700,54.23450181
1731,Stelasyn,w697,54.22809098
1222,Infubinol,n671,54.21606411
506,Zoniferol,a401,54.20983551
1359,Propriva,p310,54.20518054
1470,Naftisol,r701,54.11413742
1169,Naftisol,m133,54.08243662
662,Zoniferol,c302,54.08090836
555,Zoniferol,a788,54.06098332
1632,Infubinol,v719,54.04860769
794,Infubinol,e476,54.04621267
1793,Ceftamin,x822,54.04133326
988,Ceftamin,j296,54.00534209
622,Stelasyn,b879,53.98343568
592,Zoniferol,b313,53.979679700000005
1211,Naftisol,n304,53.97085924
844,Zoniferol,f545,53.94554429
1674,Placebo,w167,53.90048909
477,Placebo,a262,53.82797367
1491,Propriva,s141,53.80437038
1188,Ketapril,m550,53.75794476
1506,Propriva,s187,53.74473406
936,Stelasyn,h333,53.73091434
1803,Naftisol,x930,53.72610129999999
1624,Ketapril,v603,53.72124193
1424,Placebo,q582,53.71315792
518,Stelasyn,a492,53.67719253
740,Infubinol,c895,53.67683960000001
1698,Ketapril,w422,53.67624336
1348,Ketapril,p189,53.6755415
641,Zoniferol,c264,53.66494165
1099,Propriva,l215,53.653969599999996
878,Ketapril,g497,53.64616804
1285,Propriva,o562,53.61686347
1827,Placebo,y478,53.61040585
959,Propriva,i635,53.5970382
489,Ceftamin,a275,53.57606417
496,Stelasyn,a366,53.52399007
1575,Placebo,t994,53.45863887
859,Ketapril,g107,53.43598668
599,Ceftamin,b487,53.42766344
1234,Placebo,n763,53.40587053
584,Stelasyn,a963,53.40166738
1363,Stelasyn,p387,53.36296294
1724,Infubinol,w584,53.32350743
968,Placebo,i669,53.30318455
1429,Zoniferol,q633,53.28728681
1877,Naftisol,z795,53.28065717
746,Propriva,c927,53.26643087
1047,Infubinol,k483,53.24445813
1157,Ceftamin,l733,53.24431157
1588,Ketapril,u327,53.18987907
1128,Ceftamin,l661,53.18065678
1331,Ketapril,o973,53.17981471
1197,Ketapril,m650,53.14955933
1448,Propriva,r107,53.09033546
830,Infubinol,f345,53.0788944
1748,Naftisol,x264,53.07426973
711,Placebo,c766,53.00686463
739,Infubinol,c895,52.94946474
983,Placebo,j235,52.94290169
1461,Naftisol,r604,52.93685812
958,Propriva,i635,52.92882323
1582,Ceftamin,u149,52.92534846
1374,Ceftamin,p438,52.90529861
729,Ketapril,c832,52.86453449
1108,Ceftamin,l471,52.84755893
778,Placebo,e227,52.83394196
701,Placebo,c757,52.81863401
1784,Placebo,x773,52.81311518
1689,Propriva,w350,52.80591518
1396,Infubinol,q132,52.78048929999999
457,Infubinol,a203,52.7778705
1521,Stelasyn,s565,52.77752710000001
1839,Ceftamin,y769,52.76102114
1515,Zoniferol,s337,52.74771768
661,Zoniferol,c302,52.71663459
1440,Placebo,q787,52.71318786
1068,Zoniferol,k754,52.69342276
897,Propriva,g570,52.6826954
1411,Zoniferol,q511,52.67271205
1730,Stelasyn,w697,52.65726519
1885,Naftisol,z969,52.65608148
1423,Placebo,q582,52.64889350000001
1651,Propriva,v991,52.6449057
1168,Naftisol,m133,52.63688249
1556,Placebo,t718,52.6367
1127,Ceftamin,l661,52.61749003
1648,Placebo,v989,52.61468889
1574,Placebo,t994,52.614163500000004
769,Naftisol,e213,52.61376289
1631,Infubinol,v719,52.60910758
684,Zoniferol,c559,52.60436695
1603,Ketapril,v289,52.60216564
1709,Stelasyn,w540,52.60026955
1242,Ketapril,n923,52.59920611
1802,Naftisol,x930,52.55606575
1385,Stelasyn,p981,52.5447048
554,Zoniferol,a788,52.53994926
789,Naftisol,e291,52.53376479
1469,Naftisol,r701,52.48480443
1759,Stelasyn,x402,52.43173664
1403,Ceftamin,q483,52.43006649
528,Infubinol,a577,52.36518457
1850,Ceftamin,y865,52.36198241
571,Placebo,a897,52.34308525
1092,Zoniferol,k894,52.32583833
1310,Infubinol,o809,52.31817407
1826,Placebo,y478,52.28893409
1697,Ketapril,w422,52.24630985
673,Stelasyn,c402,52.23071944
1107,Ceftamin,l471,52.22832698
505,Zoniferol,a401,52.20451136
1373,Ceftamin,p438,52.19836818
1495,Placebo,s152,52.1816442
820,Stelasyn,f234,52.17860221
1410,Zoniferol,q511,52.13308139
1688,Propriva,w350,52.13232061
583,Stelasyn,a963,52.12980374
1183,Zoniferol,m331,52.11008758
1058,Stelasyn,k510,52.10557382
1623,Ketapril,v603,52.10294744
1505,Propriva,s187,52.08163225
856,Naftisol,f993,52.07951009
1256,Ceftamin,o287,52.06848642
1484,Infubinol,s121,52.0050659
935,Stelasyn,h333,51.99780618
1028,Ceftamin,k210,51.99761855
693,Ketapril,c580,51.991708
1338,Zoniferol,p136,51.99141616
517,Stelasyn,a492,51.985262899999995
1801,Naftisol,x930,51.97376864
1422,Placebo,q582,51.96821056
1330,Ketapril,o973,51.956993100000005
652,Placebo,c282,51.95057423
536,Infubinol,a685,51.93995092
1769,Ceftamin,x581,51.93528318
1792,Ceftamin,x822,51.91490968
1395,Infubinol,q132,51.90902494
1117,Ceftamin,l490,51.90544699
1460,Naftisol,r604,51.90275292
957,Propriva,i635,51.87706189
1666,Ceftamin,w151,51.869058700000004
456,Infubinol,a203,51.852437200000004
546,Propriva,a699,51.84638147
631,Infubinol,c139,51.8332246
722,Ketapril,c819,51.82835706
1320,Zoniferol,o926,51.82663825
1673,Placebo,w167,51.82640965
999,Zoniferol,j365,51.810320399999995
1867,Infubinol,z581,51.80794416
768,Naftisol,e213,51.7916953
1241,Ketapril,n923,51.73870623
944,Infubinol,i386,51.73656088
760,Ketapril,d474,51.73149416
598,Ceftamin,b487,51.68325586
1490,Propriva,s141,51.6216457
621,Stelasyn,b879,51.61838657
614,Ceftamin,b759,51.58779906
1347,Ketapril,p189,51.58216168
1640,Infubinol,v766,51.54243058
700,Placebo,c757,51.532603
1807,Infubinol,y163,51.52306843
1284,Propriva,o562,51.50508551
1630,Infubinol,v719,51.49705412
1535,Propriva,t198,51.49073998
582,Stelasyn,a963,51.46373448
1007,Naftisol,j755,51.45397391
869,Zoniferol,g296,51.4471183
972,Stelasyn,i901,51.41964239
683,Zoniferol,c559,51.41490358
806,Naftisol,e584,51.38641908
1264,Placebo,o302,51.38148886
604,Naftisol,b559,51.37886229
923,Ketapril,h246,51.36886216
777,Placebo,e227,51.34975705
1067,Zoniferol,k754,51.32356994
1645,Naftisol,v835,51.29654266
1723,Infubinol,w584,51.26543971
1390,Ketapril,q119,51.23660557
561,Naftisol,a818,51.22756565
1768,Ceftamin,x581,51.20796943
1866,Infubinol,z581,51.1963042
1421,Placebo,q582,51.18597648
1017,Stelasyn,j984,51.16675687
1187,Ketapril,m550,51.16606544
982,Placebo,j235,51.16113815
1297,Placebo,o795,51.1237037
819,Stelasyn,f234,51.11271293
1783,Placebo,x773,51.10442109
1459,Naftisol,r604,51.07452073
1027,Ceftamin,k210,51.07355752
843,Zoniferol,f545,51.07251225
1545,Stelasyn,t451,51.06367793
907,Stelasyn,g867,51.06041924
1221,Infubinol,n671,51.03935653
888,Propriva,g558,51.007258
1091,Zoniferol,k894,50.98163936
1514,Zoniferol,s337,50.9706889
1196,Ketapril,m650,50.96899763
745,Propriva,c927,50.96529767
1126,Ceftamin,l661,50.94754484
998,Zoniferol,j365,50.93935278
527,Infubinol,a577,50.91500662
1337,Zoniferol,p136,50.90789028
967,Placebo,i669,50.87369027
1713,Zoniferol,w575,50.86745176
1172,Stelasyn,m269,50.86013006
1255,Ceftamin,o287,50.85614078
1687,Propriva,w350,50.8546323
1483,Infubinol,s121,50.82456031
1145,Naftisol,l725,50.82391154
1849,Ceftamin,y865,50.80651856
1137,Naftisol,l700,50.73476811
1818,Ketapril,y260,50.72958174
545,Propriva,a699,50.71242334
1564,Naftisol,t724,50.70389965
987,Ceftamin,j296,50.70127959
934,Stelasyn,h333,50.69260358
1708,Stelasyn,w540,50.67272745
1609,Naftisol,v295,50.66605391
1587,Ketapril,u327,50.65996437
1102,Ketapril,l264,50.65958094
1619,Placebo,v409,50.64903842
710,Placebo,c766,50.59663325
1428,Zoniferol,q633,50.583557299999995
672,Stelasyn,c402,50.56689412
1186,Ketapril,m550,50.54803457
1644,Naftisol,v835,50.54520646
467,Infubinol,a251,50.53445603
1116,Ceftamin,l490,50.52481268
1079,Stelasyn,k862,50.52355007
1372,Ceftamin,p438,50.51749789
488,Ceftamin,a275,50.51343652
1865,Infubinol,z581,50.47875016
1072,Infubinol,k804,50.47761824
971,Stelasyn,i901,50.42124982
1758,Stelasyn,x402,50.41475041
1581,Ceftamin,u149,50.37805789
1639,Infubinol,v766,50.36310988
1384,Stelasyn,p981,50.35806947
805,Naftisol,e584,50.34492095
620,Stelasyn,b879,50.33894583
1309,Infubinol,o809,50.33655288
1409,Zoniferol,q511,50.31164687
1046,Infubinol,k483,50.29604123
1800,Naftisol,x930,50.26069441
1402,Ceftamin,q483,50.239855799999994
1439,Placebo,q787,50.22993419
1479,Placebo,r850,50.21860469
1817,Ketapril,y260,50.19615224
1036,Ketapril,k382,50.18096763
1063,Propriva,k603,50.18010935
553,Zoniferol,a788,50.15972132
1016,Stelasyn,j984,50.14108401
1712,Zoniferol,w575,50.13595547
1270,Ketapril,o331,50.12845481
887,Propriva,g558,50.09475382
1294,Naftisol,o725,50.01507902
1683,Infubinol,w193,50.00513807
1747,Naftisol,x264,50.00231403
630,Infubinol,c139,49.99295391
814,Zoniferol,f129,49.98830246
1090,Zoniferol,k894,49.987765700000004
1696,Ketapril,w422,49.93597024
504,Zoniferol,a401,49.93472542
1329,Ketapril,o973,49.87193582
943,Infubinol,i386,49.86154739
1250,Zoniferol,n967,49.82500362
728,Ketapril,c832,49.81141262
560,Naftisol,a818,49.79091948
513,Ketapril,a457,49.78341894
1534,Propriva,t198,49.781180799999994
738,Infubinol,c895,49.77901542
1358,Propriva,p310,49.77074144
721,Ketapril,c819,49.76241475
1767,Ceftamin,x581,49.74642744
1066,Zoniferol,k754,49.74611666
1782,Placebo,x773,49.739712899999994
487,Ceftamin,a275,49.73440359
1263,Placebo,o302,49.70144989
1791,Ceftamin,x822,49.69466533
1057,Stelasyn,k510,49.687051700000005
1125,Ceftamin,l661,49.68361956
1308,Infubinol,o809,49.68344504
1383,Stelasyn,p981,49.65770973
1468,Naftisol,r701,49.65459636
868,Zoniferol,g296,49.65324404
1544,Stelasyn,t451,49.65278772
877,Ketapril,g497,49.6470865
829,Infubinol,f345,49.61338303
476,Placebo,a262,49.59518129
997,Zoniferol,j365,49.58826336
1665,Ceftamin,w151,49.55426295
956,Propriva,i635,49.53689775
544,Propriva,a699,49.53040137
1848,Ceftamin,y865,49.52273955
526,Infubinol,a577,49.5096389
709,Placebo,c766,49.50027098
535,Infubinol,a685,49.49055902
1098,Propriva,l215,49.48194935
1071,Infubinol,k804,49.47124419
922,Ketapril,h246,49.47041702
1736,Propriva,w746,49.45327005
793,Infubinol,e476,49.43168536
1636,Stelasyn,v764,49.41262418
1106,Ceftamin,l471,49.40687901
1682,Infubinol,w193,49.38557373
1026,Ceftamin,k210,49.37993231
1876,Naftisol,z795,49.36813189
788,Naftisol,e291,49.348426200000006
671,Stelasyn,c402,49.3426301
1884,Naftisol,z969,49.33299873
1156,Ceftamin,l733,49.28519504
1336,Zoniferol,p136,49.27397096
1864,Infubinol,z581,49.27309187
1089,Zoniferol,k894,49.27287011
651,Placebo,c282,49.26607873
1233,Placebo,n763,49.25812581
1210,Naftisol,n304,49.25330863
1586,Ketapril,u327,49.23525948
1489,Propriva,s141,49.23234538
699,Placebo,c757,49.21931669
1438,Placebo,q787,49.21773243
1650,Propriva,v991,49.21432799
1078,Stelasyn,k862,49.20305786
1513,Zoniferol,s337,49.20205408
591,Zoniferol,b313,49.18838735
896,Propriva,g570,49.18823167
1447,Propriva,r107,49.18601052
1394,Infubinol,q132,49.15974862
619,Stelasyn,b879,49.15615628
1228,Propriva,n678,49.14570866
613,Ceftamin,b759,49.13335499
1739,Propriva,x111,49.12296898
1757,Stelasyn,x402,49.11994779999999
1806,Infubinol,y163,49.112399100000005
1598,Propriva,u946,49.11004966
855,Naftisol,f993,49.10697473
1766,Ceftamin,x581,49.06702788
1185,Ketapril,m550,49.05409736
1482,Infubinol,s121,49.04883479
1346,Ketapril,p189,49.04870704
1136,Naftisol,l700,49.04022529
640,Zoniferol,c264,49.02659196
1171,Stelasyn,m269,49.011180100000004
1427,Zoniferol,q633,49.00186559
1533,Propriva,t198,49.00080978
1501,Placebo,s166,49.00012468
1790,Ceftamin,x822,48.98371668
1643,Naftisol,v835,48.96591797
1543,Stelasyn,t451,48.95791906
534,Infubinol,a685,48.95147442
495,Stelasyn,a366,48.95136773
1262,Placebo,o302,48.93701188
1742,Propriva,x209,48.92989543
1729,Stelasyn,w697,48.925056
1711,Zoniferol,w575,48.91385977
1686,Propriva,w350,48.89955238
1647,Placebo,v989,48.85813451
966,Placebo,i669,48.857600700000006
1240,Ketapril,n923,48.79194986
858,Ketapril,g107,48.79166496
1458,Naftisol,r604,48.78655957
1672,Placebo,w167,48.78627194
876,Ketapril,g497,48.78206878
1062,Propriva,k603,48.775285499999995
629,Infubinol,c139,48.75311208
1144,Naftisol,l725,48.73631881
818,Stelasyn,f234,48.73519714
840,Ceftamin,f436,48.72207785
475,Placebo,a262,48.71756819
1862,Propriva,z435,48.71066147
955,Propriva,i635,48.68575605
727,Ketapril,c832,48.68546123
1254,Ceftamin,o287,48.67945261
1307,Infubinol,o809,48.6707318
1362,Stelasyn,p387,48.66763075
1357,Propriva,p310,48.66560668
1167,Naftisol,m133,48.6652074
1825,Placebo,y478,48.64107818
1437,Placebo,q787,48.59386234
466,Infubinol,a251,48.59117901
1512,Zoniferol,s337,48.57151582
1195,Ketapril,m650,48.56249492
660,Zoniferol,c302,48.53356704
986,Ceftamin,j296,48.52997762
787,Naftisol,e291,48.52974125
1580,Ceftamin,u149,48.52237343
1478,Placebo,r850,48.51509085
1446,Propriva,r107,48.51342027
455,Infubinol,a203,48.5084684
1209,Naftisol,n304,48.47797895
1835,Naftisol,y601,48.47500273
1401,Ceftamin,q483,48.4684826
1695,Ketapril,w422,48.45745927
516,Stelasyn,a492,48.43219661
804,Naftisol,e584,48.43041053
1015,Stelasyn,j984,48.41072109
720,Ketapril,c819,48.37099912
1155,Ceftamin,l733,48.35495154
828,Infubinol,f345,48.35223854
996,Zoniferol,j365,48.34932028
1681,Infubinol,w193,48.34655046
1420,Placebo,q582,48.32264018
590,Zoniferol,b313,48.31937218
1728,Stelasyn,w697,48.30182261
1805,Infubinol,y163,48.28497016
965,Placebo,i669,48.2816334
867,Zoniferol,g296,48.26950861
1070,Infubinol,k804,48.26620364
1319,Zoniferol,o926,48.25424839
1707,Stelasyn,w540,48.25014636
1328,Ketapril,o973,48.24579043
1520,Stelasyn,s565,48.24255218
1685,Propriva,w350,48.23211311
1293,Naftisol,o725,48.199452
824,Ketapril,f278,48.19457788
1635,Stelasyn,v764,48.18900062
854,Naftisol,f993,48.18537323
906,Stelasyn,g867,48.18340167
1105,Ceftamin,l471,48.18206306
813,Zoniferol,f129,48.17971908
650,Placebo,c282,48.17950638
1006,Naftisol,j755,48.16706083
332,Capomulin,j119,48.15820939
1638,Infubinol,v766,48.15125091
839,Ceftamin,f436,48.14697758
1504,Propriva,s187,48.14635121
1602,Ketapril,v289,48.13348207
1555,Placebo,t718,48.08512552
1816,Ketapril,y260,48.08180678
1777,Zoniferol,x613,48.0776464
375,Capomulin,l509,48.07045162
1542,Stelasyn,t451,48.04713882
603,Naftisol,b559,48.03643202
1875,Naftisol,z795,48.0308039
981,Placebo,j235,48.01878792
1838,Ceftamin,y769,48.01516261
612,Ceftamin,b759,48.00919049
570,Placebo,a897,47.97292708
1393,Infubinol,q132,47.95384377
1025,Ceftamin,k210,47.91899771
817,Stelasyn,f234,47.90432375
1511,Zoniferol,s337,47.8944415
1573,Placebo,t994,47.891487100000006
1746,Naftisol,x264,47.88712765
543,Propriva,a699,47.86737569
1389,Ketapril,q119,47.86444
1400,Ceftamin,q483,47.8391005
581,Stelasyn,a963,47.83685218
1622,Ketapril,v603,47.8305568
1232,Placebo,n763,47.79809961
940,Ceftamin,h531,47.784681799999994
698,Placebo,c757,47.78327981
759,Ketapril,d474,47.77793584
503,Zoniferol,a401,47.7259374
1660,Zoniferol,w140,47.71795156
659,Zoniferol,c302,47.69067986
440,Capomulin,i557,47.68596303
1597,Propriva,u946,47.67302921
1781,Placebo,x773,47.67123558
533,Infubinol,a685,47.66475264
597,Ceftamin,b487,47.664387100000006
1056,Stelasyn,k510,47.65824979999999
895,Propriva,g570,47.65642436
1182,Zoniferol,m331,47.64687735
1088,Zoniferol,k894,47.64568674
407,Ramicane,u196,47.62281636
1503,Propriva,s187,47.57671761
692,Ketapril,c580,47.57017382
1318,Zoniferol,o926,47.56567364
1227,Propriva,n678,47.55428429
1382,Stelasyn,p981,47.54584585
1608,Naftisol,v295,47.53946216
952,Placebo,i477,47.52063206
1166,Naftisol,m133,47.50333803
374,Capomulin,l509,47.48859931
755,Zoniferol,d164,47.47464468
1249,Zoniferol,n967,47.47172327
512,Ketapril,a457,47.462891
1532,Propriva,t198,47.46126052
1706,Stelasyn,w540,47.45906658
1494,Placebo,s152,47.459052899999996
602,Naftisol,b559,47.40989731
1579,Ceftamin,u149,47.40483439
767,Naftisol,e213,47.39157120000001
384,Capomulin,r944,47.37342325
486,Ceftamin,a275,47.37134328
1253,Ceftamin,o287,47.36020084
1220,Infubinol,n671,47.35388938
331,Capomulin,j119,47.32298428
816,Stelasyn,f234,47.31349062
708,Placebo,c766,47.31305537
1722,Infubinol,w584,47.29850794
682,Zoniferol,c559,47.29326012
1115,Ceftamin,l490,47.25960594
803,Naftisol,e584,47.25064148
1664,Ceftamin,w151,47.24292865
1005,Naftisol,j755,47.24284357
776,Placebo,e227,47.23801112
954,Propriva,i635,47.23593715
1488,Propriva,s141,47.23569156
404,Ramicane,u196,47.22717065
827,Infubinol,f345,47.22244619
98,Capomulin,u364,47.21219992
1208,Naftisol,n304,47.20125097
1765,Ceftamin,x581,47.1969266
1780,Placebo,x773,47.18920597
1629,Infubinol,v719,47.18836325
1500,Placebo,s166,47.18678778
1426,Zoniferol,q633,47.18380215
1642,Naftisol,v835,47.15601071
589,Zoniferol,b313,47.15443254
580,Stelasyn,a963,47.15052201
1283,Propriva,o562,47.14767002
1436,Placebo,q787,47.11661587
1861,Propriva,z435,47.11597963
792,Infubinol,e476,47.11180113
1280,Propriva,o523,47.0810859
1457,Naftisol,r604,47.06774448
1269,Ketapril,o331,47.05966408
1634,Stelasyn,v764,47.05418474
1745,Naftisol,x264,47.0384145
836,Zoniferol,f394,47.03309963
1419,Placebo,q582,47.01357514
1135,Naftisol,l700,47.01356652
1205,Infubinol,m756,47.01036401
552,Zoniferol,a788,47.00658024
408,Ramicane,u196,47.00146542
1381,Stelasyn,p981,47.00062717
812,Zoniferol,f129,47.00059399
465,Infubinol,a251,46.98212719
758,Ketapril,d474,46.97496297
1738,Propriva,x111,46.94101498
148,Ramicane,c758,46.94094512
168,Ramicane,a644,46.91089166
1292,Naftisol,o725,46.88982098
1467,Naftisol,r701,46.88697137
1756,Stelasyn,x402,46.88696249
905,Stelasyn,g867,46.88074916
1306,Infubinol,o809,46.87724316
532,Infubinol,a685,46.87048256
1477,Placebo,r850,46.86291194
942,Infubinol,i386,46.85369669
1510,Zoniferol,s337,46.84985157
1874,Naftisol,z795,46.83347493
1371,Ceftamin,p438,46.82793418
439,Capomulin,i557,46.82106972
1776,Zoniferol,x613,46.81817589999999
1231,Placebo,n763,46.81731526
356,Capomulin,g316,46.80922469
1815,Ketapril,y260,46.79983867
985,Ceftamin,j296,46.79925591
485,Ceftamin,a275,46.79525728
1122,Ceftamin,l558,46.78453491
1399,Ceftamin,q483,46.77681624
964,Placebo,i669,46.76466824
1317,Zoniferol,o926,46.76116373
1296,Placebo,o795,46.76092721
373,Capomulin,l509,46.75907363
1741,Propriva,x209,46.75426887
157,Capomulin,t565,46.74900552
1847,Ceftamin,y865,46.73500592
1596,Propriva,u946,46.73050592
1327,Ketapril,o973,46.71787727
1392,Infubinol,q132,46.7163985
995,Zoniferol,j365,46.7112611
406,Ramicane,u196,46.70532539999999
1101,Ketapril,l264,46.66876646
719,Ketapril,c819,46.65839527
951,Placebo,i477,46.65738471
691,Ketapril,c580,46.62845479999999
1165,Naftisol,m133,46.62130127
754,Zoniferol,d164,46.61767061
1045,Infubinol,k483,46.61105571
1055,Stelasyn,k510,46.608467100000006
1061,Propriva,k603,46.60694676
1530,Stelasyn,s619,46.60226878
866,Zoniferol,g296,46.59323337
980,Placebo,j235,46.58881978
259,Ramicane,q610,46.58543347
97,Capomulin,u364,46.56841719
842,Zoniferol,f545,46.56581263
681,Zoniferol,c559,46.56263793
1356,Propriva,p310,46.55853236
542,Propriva,a699,46.55308986
383,Capomulin,r944,46.54429202
1455,Capomulin,r157,46.53920617
1282,Propriva,o562,46.51495016
1663,Ceftamin,w151,46.50147609
970,Stelasyn,i901,46.49302392
1207,Naftisol,n304,46.43121629
330,Capomulin,j119,46.42536551
403,Ramicane,u196,46.42294306
1837,Ceftamin,y769,46.42265176
137,Capomulin,m957,46.414517700000005
515,Stelasyn,a492,46.40914339
393,Ramicane,e662,46.40908385
312,Capomulin,j246,46.408361299999996
853,Naftisol,f993,46.39575966
1554,Placebo,t718,46.39268805
167,Ramicane,a644,46.38071258
452,Ramicane,y449,46.37809248
838,Ceftamin,f436,46.37079759
1563,Naftisol,t724,46.35925829
744,Propriva,c927,46.35184205
187,Ramicane,j989,46.34383237
1755,Stelasyn,x402,46.32757027
237,Capomulin,g288,46.30400254
147,Ramicane,c758,46.28799223
1035,Ketapril,k382,46.27499735
1124,Ceftamin,l661,46.26879904
1104,Ceftamin,l471,46.25187204
1616,Infubinol,v339,46.25011212
933,Stelasyn,h333,46.23384414
579,Stelasyn,a963,46.23350581
1618,Placebo,v409,46.22079642
596,Ceftamin,b487,46.21397739
1601,Ketapril,v289,46.20446003
525,Infubinol,a577,46.197719899999996
886,Propriva,g558,46.18874193
1154,Ceftamin,l733,46.17422627
275,Capomulin,l897,46.15473721
786,Naftisol,e291,46.14250486
1857,Naftisol,z234,46.12935706
502,Zoniferol,a401,46.11198591
1607,Naftisol,v295,46.11181797
405,Ramicane,u196,46.10536303
1218,Propriva,n630,46.09909969
1775,Zoniferol,x613,46.09704058
1230,Placebo,n763,46.08598142
1799,Naftisol,x930,46.07823375
1248,Zoniferol,n967,46.07719173
1454,Capomulin,r157,46.05960827
1721,Infubinol,w584,46.05193075
1060,Propriva,k603,46.04211582
1621,Ketapril,v603,46.01600593
1595,Propriva,u946,45.9918078
1418,Placebo,q582,45.95539895
438,Capomulin,i557,45.94194901
1859,Stelasyn,z314,45.93471217
355,Capomulin,g316,45.93332219
1553,Placebo,t718,45.92125272
1134,Naftisol,l700,45.91837165
757,Ketapril,d474,45.91835225
156,Capomulin,t565,45.8956472
216,Capomulin,w914,45.89372032
258,Ramicane,q610,45.88902756
1705,Stelasyn,w540,45.88537038
451,Ramicane,y449,45.87754494
169,Ramicane,a644,45.86506461
41,Ramicane,g791,45.85153062
372,Capomulin,l509,45.85119285
1779,Placebo,x773,45.8508307
236,Capomulin,g288,45.83939976
329,Capomulin,j119,45.83899787
1408,Zoniferol,q511,45.83265378
1487,Propriva,s141,45.83113434
1239,Ketapril,n923,45.82488099
392,Ramicane,e662,45.81628252
1121,Ceftamin,l558,45.80908882
1578,Ceftamin,u149,45.79206792
639,Zoniferol,c264,45.79170389
126,Capomulin,r554,45.78174579
718,Ketapril,c819,45.76924864
412,Ramicane,q597,45.76611104
96,Capomulin,u364,45.76088647
932,Stelasyn,h333,45.75172728
382,Capomulin,r944,45.73714484
1065,Zoniferol,k754,45.7277604
649,Placebo,c282,45.72568973
284,Ramicane,c458,45.72227949
342,Capomulin,v923,45.70443431
1314,Infubinol,o813,45.69933088
766,Naftisol,e213,45.69925018
559,Naftisol,a818,45.69670864
1585,Ketapril,u327,45.69418805
569,Placebo,a897,45.69112405
1789,Ceftamin,x822,45.67110442
802,Naftisol,e584,45.656978499999994
301,Capomulin,b128,45.65133131
311,Capomulin,j246,45.64143788
1481,Infubinol,s121,45.63566174
256,Ramicane,q610,45.62949421
226,Ramicane,r811,45.62580225
136,Capomulin,m957,45.62238149
186,Ramicane,j989,45.62071835
1114,Ceftamin,l490,45.61253918
1453,Capomulin,r157,45.59706359
196,Capomulin,i738,45.59568527
826,Infubinol,f345,45.5911466
1252,Ceftamin,o287,45.58680362
146,Ramicane,c758,45.5786783
442,Ramicane,r921,45.56821083
359,Capomulin,g316,45.56582103
402,Ramicane,u196,45.55746444
166,Ramicane,a644,45.55015754
1662,Ceftamin,w151,45.54607595
1279,Propriva,o523,45.54470008
1181,Zoniferol,m331,45.52301371
106,Ramicane,n364,45.52187471
1680,Infubinol,w193,45.49385802
737,Infubinol,c895,45.47754399
21,Capomulin,x401,45.47375302
319,Ramicane,a411,45.46667714
274,Capomulin,l897,45.46224327
278,Capomulin,l897,45.35467916
397,Ramicane,e662,45.35023242
437,Capomulin,i557,45.26138381
88,Ramicane,j913,45.25253427
420,Ramicane,q597,45.22086888
354,Capomulin,g316,45.21674299
286,Ramicane,c458,45.10742313
1883,Naftisol,z969,45.0
1814,Ketapril,y260,45.0
1425,Zoniferol,q633,45.0
1435,Placebo,q787,45.0
1584,Ketapril,u327,45.0
1417,Placebo,q582,45.0
1661,Ceftamin,w151,45.0
1788,Ceftamin,x822,45.0
1633,Stelasyn,v764,45.0
1583,Ceftamin,u153,45.0
1606,Naftisol,v295,45.0
1646,Placebo,v989,45.0
1824,Placebo,y478,45.0
1637,Infubinol,v766,45.0
1727,Stelasyn,w697,45.0
1391,Infubinol,q132,45.0
1804,Infubinol,y163,45.0
1641,Naftisol,v835,45.0
1502,Propriva,s187,45.0
1720,Infubinol,w584,45.0
1600,Ketapril,v289,45.0
1737,Propriva,x111,45.0
1798,Naftisol,x930,45.0
1599,Naftisol,v199,45.0
1740,Propriva,x209,45.0
1735,Propriva,w746,45.0
1649,Propriva,v991,45.0
1778,Placebo,x773,45.0
1499,Placebo,s166,45.0
1594,Propriva,u946,45.0
1509,Zoniferol,s337,45.0
1659,Zoniferol,w140,45.0
1476,Placebo,r850,45.0
1858,Stelasyn,z314,45.0
1628,Infubinol,v719,45.0
1388,Ketapril,q119,45.0
1398,Ceftamin,q483,45.0
1541,Stelasyn,t451,45.0
1562,Naftisol,t724,45.0
1486,Propriva,s141,45.0
1753,Naftisol,x336,45.0
1846,Ceftamin,y865,45.0
1407,Zoniferol,q511,45.0
1445,Propriva,r107,45.0
1694,Ketapril,w422,45.0
1873,Naftisol,z795,45.0
1863,Infubinol,z581,45.0
1620,Ketapril,v603,45.0
1551,Ceftamin,t573,45.0
1552,Placebo,t718,45.0
1754,Stelasyn,x402,45.0
1856,Naftisol,z234,45.0
1480,Infubinol,s121,45.0
1860,Propriva,z435,45.0
1466,Naftisol,r701,45.0
1684,Propriva,w350,45.0
1764,Ceftamin,x581,45.0
1531,Propriva,t198,45.0
1493,Placebo,s152,45.0
1743,Ceftamin,x226,45.0
1710,Zoniferol,w575,45.0
1452,Capomulin,r157,45.0
1836,Ceftamin,y769,45.0
1774,Zoniferol,x613,45.0
1577,Ceftamin,u149,45.0
1744,Naftisol,x264,45.0
1572,Placebo,t994,45.0
1456,Naftisol,r604,45.0
1671,Placebo,w167,45.0
1679,Infubinol,w193,45.0
1615,Infubinol,v339,45.0
1519,Stelasyn,s565,45.0
1617,Placebo,v409,45.0
1529,Stelasyn,s619,45.0
1704,Stelasyn,w540,45.0
1834,Naftisol,y601,45.0
0,Ramicane,k403,45.0
1380,Stelasyn,p981,45.0
484,Ceftamin,a275,45.0
551,Zoniferol,a788,45.0
541,Propriva,a699,45.0
531,Infubinol,a685,45.0
524,Infubinol,a577,45.0
514,Stelasyn,a492,45.0
511,Ketapril,a457,45.0
501,Zoniferol,a401,45.0
494,Stelasyn,a366,45.0
474,Placebo,a262,45.0
568,Placebo,a897,45.0
464,Infubinol,a251,45.0
454,Infubinol,a203,45.0
450,Ramicane,y449,45.0
448,Ramicane,w678,45.0
441,Ramicane,r921,45.0
431,Capomulin,i557,45.0
421,Ramicane,a444,45.0
411,Ramicane,q597,45.0
558,Naftisol,a818,45.0
578,Stelasyn,a963,45.0
752,Zoniferol,d133,45.0
668,Infubinol,c326,45.0
736,Infubinol,c895,45.0
726,Ketapril,c832,45.0
717,Ketapril,c819,45.0
707,Placebo,c766,45.0
697,Placebo,c757,45.0
690,Ketapril,c580,45.0
680,Zoniferol,c559,45.0
670,Stelasyn,c402,45.0
658,Zoniferol,c302,45.0
588,Zoniferol,b313,45.0
648,Placebo,c282,45.0
638,Zoniferol,c264,45.0
628,Infubinol,c139,45.0
618,Stelasyn,b879,45.0
611,Ceftamin,b759,45.0
601,Naftisol,b559,45.0
595,Ceftamin,b487,45.0
594,Ceftamin,b447,45.0
401,Ramicane,u196,45.0
391,Ramicane,e662,45.0
381,Capomulin,r944,45.0
95,Capomulin,u364,45.0
175,Ramicane,i177,45.0
165,Ramicane,a644,45.0
155,Capomulin,t565,45.0
145,Ramicane,c758,45.0
135,Capomulin,m957,45.0
125,Capomulin,r554,45.0
115,Capomulin,y793,45.0
105,Ramicane,n364,45.0
85,Ramicane,j913,45.0
371,Capomulin,l509,45.0
75,Ramicane,z578,45.0
65,Ramicane,m546,45.0
60,Capomulin,f966,45.0
50,Ramicane,s508,45.0
40,Ramicane,g791,45.0
30,Capomulin,m601,45.0
20,Capomulin,x401,45.0
10,Capomulin,s185,45.0
185,Ramicane,j989,45.0
195,Capomulin,i738,45.0
205,Ramicane,a520,45.0
215,Capomulin,w914,45.0
361,Capomulin,s710,45.0
351,Capomulin,g316,45.0
341,Capomulin,v923,45.0
338,Capomulin,w150,45.0
328,Capomulin,j119,45.0
318,Ramicane,a411,45.0
310,Capomulin,j246,45.0
300,Capomulin,b128,45.0
290,Capomulin,b742,45.0
1370,Ceftamin,p438,45.0
283,Ramicane,c458,45.0
273,Capomulin,l897,45.0
263,Ramicane,d251,45.0
255,Ramicane,q610,45.0
245,Ramicane,i334,45.0
235,Capomulin,g288,45.0
225,Ramicane,r811,45.0
743,Propriva,c927,45.0
953,Propriva,i635,45.0
753,Zoniferol,d164,45.0
1278,Propriva,o523,45.0
1226,Propriva,n678,45.0
1103,Ceftamin,l471,45.0
1229,Placebo,n763,45.0
1238,Ketapril,n923,45.0
1247,Zoniferol,n967,45.0
1251,Ceftamin,o287,45.0
1261,Placebo,o302,45.0
1268,Ketapril,o331,45.0
1054,Stelasyn,k510,45.0
1316,Zoniferol,o926,45.0
1281,Propriva,o562,45.0
1291,Naftisol,o725,45.0
1295,Placebo,o795,45.0
1100,Ketapril,l264,45.0
1097,Propriva,l215,45.0
1044,Infubinol,k483,45.0
1305,Infubinol,o809,45.0
1313,Infubinol,o813,45.0
1059,Propriva,k603,45.0
1219,Infubinol,n671,45.0
1217,Propriva,n630,45.0
1216,Propriva,n482,45.0
1133,Naftisol,l700,45.0
1120,Ceftamin,l558,45.0
1143,Naftisol,l725,45.0
1153,Ceftamin,l733,45.0
1163,Placebo,l872,45.0
1077,Stelasyn,k862,45.0
1164,Naftisol,m133,45.0
1170,Stelasyn,m269,45.0
1113,Ceftamin,l490,45.0
1180,Zoniferol,m331,45.0
1184,Ketapril,m550,45.0
1069,Infubinol,k804,45.0
1194,Ketapril,m650,45.0
1064,Zoniferol,k754,45.0
1204,Infubinol,m756,45.0
1206,Naftisol,n304,45.0
756,Ketapril,d474,45.0
1087,Zoniferol,k894,45.0
1315,Stelasyn,o848,45.0
1326,Ketapril,o973,45.0
825,Infubinol,f345,45.0
875,Ketapril,g497,45.0
865,Zoniferol,g296,45.0
857,Ketapril,g107,45.0
852,Naftisol,f993,45.0
851,Ketapril,f932,45.0
841,Zoniferol,f545,45.0
837,Ceftamin,f436,45.0
835,Zoniferol,f394,45.0
1361,Stelasyn,p387,45.0
894,Propriva,g570,45.0
823,Ketapril,f278,45.0
815,Stelasyn,f234,45.0
811,Zoniferol,f129,45.0
801,Naftisol,e584,45.0
791,Infubinol,e476,45.0
785,Naftisol,e291,45.0
775,Placebo,e227,45.0
765,Naftisol,e213,45.0
1034,Ketapril,k382,45.0
885,Propriva,g558,45.0
1123,Ceftamin,l661,45.0
1335,Zoniferol,p136,45.0
1345,Ketapril,p189,45.0
1014,Stelasyn,j984,45.0
1004,Naftisol,j755,45.0
994,Zoniferol,j365,45.0
984,Ceftamin,j296,45.0
979,Placebo,j235,45.0
969,Stelasyn,i901,45.0
904,Stelasyn,g867,45.0
963,Placebo,i669,45.0
1355,Propriva,p310,45.0
950,Placebo,i477,45.0
941,Infubinol,i386,45.0
939,Ceftamin,h531,45.0
938,Ketapril,h428,45.0
931,Stelasyn,h333,45.0
921,Ketapril,h246,45.0
1024,Ceftamin,k210,45.0
257,Ramicane,q610,44.99148471
277,Capomulin,l897,44.81309343
377,Capomulin,l509,44.70805473
358,Capomulin,g316,44.70283296
396,Ramicane,e662,44.66459432
436,Capomulin,i557,44.59621854
336,Capomulin,j119,44.5850896
315,Capomulin,j246,44.55522595
423,Ramicane,a444,44.51255951
353,Capomulin,g316,44.50204246
87,Ramicane,j913,44.49716216
419,Ramicane,q597,44.47182121
285,Ramicane,c458,44.45437828
158,Capomulin,t565,44.44094861
357,Capomulin,g316,44.22147988
453,Ramicane,y449,44.18345092
368,Capomulin,s710,44.16051879
445,Ramicane,r921,44.13631588
151,Ramicane,c758,44.11827028
176,Ramicane,i177,44.06539783
276,Capomulin,l897,44.0615214
352,Capomulin,g316,44.02275246
314,Capomulin,j246,44.02037009
86,Ramicane,j913,44.01490022
399,Ramicane,e662,44.00672385
376,Capomulin,l509,44.00625702
422,Ramicane,a444,44.00597487
395,Ramicane,e662,44.0012958
435,Capomulin,i557,43.96789516
11,Capomulin,s185,43.87849569
418,Ramicane,q597,43.80720142
303,Capomulin,b128,43.78489343
335,Capomulin,j119,43.76570537
67,Ramicane,m546,43.74822357
218,Capomulin,w914,43.68844893
363,Capomulin,s710,43.68802627
150,Ramicane,c758,43.602267299999994
367,Capomulin,s710,43.57170323
394,Ramicane,e662,43.55377339
434,Capomulin,i557,43.529875700000005
444,Ramicane,r921,43.52726054
409,Ramicane,u196,43.45368679
197,Capomulin,i738,43.42101414
447,Ramicane,r921,43.41938077
417,Ramicane,q597,43.33916123
313,Capomulin,j246,43.31265415
302,Capomulin,b128,43.2708519
305,Capomulin,b128,43.26214483
217,Capomulin,w914,43.23196275
385,Capomulin,r944,43.22567119
398,Ramicane,e662,43.22027636
362,Capomulin,s710,43.180977399999996
449,Ramicane,w678,43.16637266
149,Ramicane,c758,43.1263114
366,Capomulin,s710,43.06040875
430,Ramicane,a444,43.04754260000001
334,Capomulin,j119,43.01368114
424,Ramicane,a444,43.00127957
66,Ramicane,m546,42.99887638
433,Capomulin,i557,42.99207658
239,Capomulin,g288,42.95712001
77,Ramicane,z578,42.95211843
241,Capomulin,g288,42.87446056
427,Ramicane,a444,42.78627835
304,Capomulin,b128,42.731552
443,Ramicane,r921,42.71192694
446,Ramicane,r921,42.65534089
365,Capomulin,s710,42.62996266
416,Ramicane,q597,42.57570709
413,Ramicane,q597,42.53798598
429,Ramicane,a444,42.50492554
265,Ramicane,d251,42.43225791
333,Capomulin,j119,42.41716589
240,Capomulin,g288,42.36869239
426,Ramicane,a444,42.29139437
118,Capomulin,y793,42.28366512
432,Capomulin,i557,42.2616653
76,Ramicane,z578,42.18878662
238,Capomulin,g288,42.17230079
89,Ramicane,j913,42.16834132
349,Capomulin,v923,42.1510148
292,Capomulin,b742,41.99922813
415,Ramicane,q597,41.9255866
364,Capomulin,s710,41.84523536
264,Ramicane,d251,41.74635495
428,Ramicane,a444,41.73595083
425,Ramicane,a444,41.71461874
387,Capomulin,r944,41.68079111
222,Capomulin,w914,41.66491577
189,Ramicane,j989,41.63534426
247,Ramicane,i334,41.63124731
117,Capomulin,y793,41.63001026
390,Capomulin,r944,41.58152074
291,Capomulin,b742,41.53409702
321,Ramicane,a411,41.48416885
380,Capomulin,l509,41.48300765
170,Ramicane,a644,41.48122408
348,Capomulin,v923,41.43924156
31,Capomulin,m601,41.40859145
414,Ramicane,q597,41.39566036
44,Ramicane,g791,41.211897
188,Ramicane,j989,41.12835439
219,Capomulin,w914,41.10809233
386,Capomulin,r944,41.08699106
389,Capomulin,r944,41.04204489999999
177,Ramicane,i177,41.02092924
246,Ramicane,i334,41.02051821
116,Capomulin,y793,41.01991315
221,Capomulin,w914,40.99311013
229,Ramicane,r811,40.7728027
379,Capomulin,l509,40.77081259
320,Ramicane,a411,40.75978762
347,Capomulin,v923,40.75221626
370,Capomulin,s710,40.72857787
119,Capomulin,y793,40.71642815
43,Ramicane,g791,40.67812852
261,Ramicane,q610,40.66834256
410,Ramicane,u196,40.66771292
400,Ramicane,e662,40.65900627
350,Capomulin,v923,40.65812366
306,Capomulin,b128,40.60533486
344,Capomulin,v923,40.45798877
253,Ramicane,i334,40.44237037
388,Capomulin,r944,40.40176542
107,Ramicane,n364,40.3751382
99,Capomulin,u364,40.34394812
178,Ramicane,i177,40.33093479
220,Capomulin,w914,40.29191661
326,Ramicane,a411,40.25881765
378,Capomulin,l509,40.207288500000004
369,Capomulin,s710,40.17192011
42,Ramicane,g791,40.17055848
360,Capomulin,g316,40.1592203
346,Capomulin,v923,40.15641269
260,Ramicane,q610,40.14645019
228,Ramicane,r811,40.02229235
340,Capomulin,w150,39.95234669
190,Ramicane,j989,39.93411249
68,Ramicane,m546,39.89743533
343,Capomulin,v923,39.84822328
297,Capomulin,b742,39.84757556
138,Capomulin,m957,39.80445341
23,Capomulin,x401,39.77625003
252,Ramicane,i334,39.7695521
325,Ramicane,a411,39.71723589
249,Ramicane,i334,39.687831700000004
345,Capomulin,v923,39.64829568
293,Capomulin,b742,39.52484301
287,Ramicane,c458,39.50513508
266,Ramicane,d251,39.47278744
227,Ramicane,r811,39.453903000000004
279,Capomulin,l897,39.35279201
339,Capomulin,w150,39.20212894
296,Capomulin,b742,39.1679495
248,Ramicane,i334,39.15800115
324,Ramicane,a411,39.13073724
22,Capomulin,x401,39.11389068
159,Capomulin,t565,39.0702138
251,Ramicane,i334,39.00555435
127,Capomulin,r554,39.0054935
120,Capomulin,y793,38.9927339
309,Capomulin,b128,38.98287774
242,Capomulin,g288,38.95411458
299,Capomulin,b742,38.93963263
139,Capomulin,m957,38.90934919
282,Capomulin,l897,38.84687569
1,Ramicane,k403,38.82589807
214,Ramicane,a520,38.81036633
61,Capomulin,f966,38.79647373
317,Capomulin,j246,38.75326548
206,Ramicane,a520,38.72370695
269,Ramicane,d251,38.71825638
51,Ramicane,s508,38.71187185
323,Ramicane,a411,38.701438399999994
78,Ramicane,z578,38.68851607
72,Ramicane,m546,38.62753581
295,Capomulin,b742,38.61768433
199,Capomulin,i738,38.53113634
82,Ramicane,z578,38.50482444
327,Ramicane,a411,38.407618299999996
308,Capomulin,b128,38.3797259
281,Capomulin,l897,38.34390154
289,Ramicane,c458,38.34200823
271,Ramicane,d251,38.26540379
213,Ramicane,a520,38.25972497
298,Capomulin,b742,38.255627399999995
250,Ramicane,i334,38.24881732
231,Ramicane,r811,38.24206639
141,Capomulin,m957,38.21247939
13,Capomulin,s185,38.17723195
337,Capomulin,j119,38.125164399999996
268,Ramicane,d251,38.09751328
322,Ramicane,a411,38.08737318
316,Capomulin,j246,38.04408202
198,Capomulin,i738,37.97877782
71,Ramicane,m546,37.96993365
307,Capomulin,b128,37.96764437
294,Capomulin,b742,37.95035546
90,Ramicane,j913,37.86066936
81,Ramicane,z578,37.81593487
152,Ramicane,c758,37.80238546
288,Ramicane,c458,37.75314964
270,Ramicane,d251,37.70852942
140,Capomulin,m957,37.69543154
280,Capomulin,l897,37.68276664
267,Ramicane,d251,37.65209085
212,Ramicane,a520,37.62471026
12,Capomulin,s185,37.61494768
230,Ramicane,r811,37.61401068
109,Ramicane,n364,37.4788685
70,Ramicane,m546,37.44444543
80,Ramicane,z578,37.41411419
160,Capomulin,t565,37.34220976
204,Capomulin,i738,37.31184577
272,Ramicane,d251,37.31123552
234,Ramicane,r811,37.22565033
171,Ramicane,a644,37.21112063
244,Capomulin,g288,37.07402422
211,Ramicane,a520,36.94770981
108,Ramicane,n364,36.94027399
79,Ramicane,z578,36.89001635
14,Capomulin,s185,36.86687576
203,Capomulin,i738,36.84389799
32,Capomulin,m601,36.82536664
69,Ramicane,m546,36.71229535
25,Capomulin,x401,36.61712031
262,Ramicane,q610,36.56165229
210,Ramicane,a520,36.55858129
233,Ramicane,r811,36.5200329
207,Ramicane,a520,36.42938781
254,Ramicane,i334,36.37451039
243,Capomulin,g288,36.35685121
55,Ramicane,s508,36.33856894
122,Capomulin,y793,36.3278696
669,Infubinol,c326,36.321345799999996
202,Capomulin,i738,36.17595269
194,Ramicane,j989,36.13485243
24,Capomulin,x401,36.06583471
224,Capomulin,w914,36.04104736
103,Capomulin,u364,36.02413752
129,Capomulin,r554,36.01558858
232,Ramicane,r811,36.00302016
101,Capomulin,u364,35.9783344
209,Ramicane,a520,35.94774514
54,Ramicane,s508,35.92865083
57,Ramicane,s508,35.8461407
173,Ramicane,a644,35.77945086
121,Capomulin,y793,35.72602314
62,Capomulin,f966,35.6244027
223,Capomulin,w914,35.61130861
208,Ramicane,a520,35.590253999999995
201,Capomulin,i738,35.57877987
45,Ramicane,g791,35.56939935
183,Ramicane,i177,35.55793279
100,Capomulin,u364,35.50361557
193,Ramicane,j989,35.50119014
56,Ramicane,s508,35.47402235
33,Capomulin,m601,35.46461175
128,Capomulin,r554,35.46375763
102,Capomulin,u364,35.45948978
179,Ramicane,i177,35.34536136
53,Ramicane,s508,35.27690634
92,Ramicane,j913,35.17014843
182,Ramicane,i177,35.1521662
172,Ramicane,a644,35.12863083
192,Ramicane,j989,35.1155898
73,Ramicane,m546,35.114575200000004
2,Ramicane,k403,35.01427146
200,Capomulin,i738,34.97343761
113,Ramicane,n364,34.95473311
46,Ramicane,g791,34.95258284
52,Ramicane,s508,34.850997899999996
91,Ramicane,j913,34.75724046
181,Ramicane,i177,34.71147302
191,Ramicane,j989,34.67178107
112,Ramicane,n364,34.48752204
164,Capomulin,t565,34.45529799
34,Capomulin,m601,34.255731700000005
3,Ramicane,k403,34.22399174
180,Ramicane,i177,34.0821803
83,Ramicane,z578,34.02209336
15,Capomulin,s185,33.94994037
163,Capomulin,t565,33.94934131
130,Capomulin,r554,33.89334515
111,Ramicane,n364,33.817758000000005
184,Ramicane,i177,33.56240217
162,Capomulin,t565,33.51567063
5,Ramicane,k403,33.46457735
154,Ramicane,c758,33.39765251
144,Capomulin,m957,33.32909778
110,Ramicane,n364,33.20500824
35,Capomulin,m601,33.11875607
132,Capomulin,r554,33.06933705
4,Ramicane,k403,32.99772858
174,Ramicane,a644,32.97852192
16,Capomulin,s185,32.95967078
143,Capomulin,m957,32.94761484
26,Capomulin,x401,32.91529186
161,Capomulin,t565,32.86891617
153,Ramicane,c758,32.83318858
58,Ramicane,s508,32.79817119
131,Capomulin,r554,32.68065459
63,Capomulin,f966,32.62300253
142,Capomulin,m957,32.56283914
134,Capomulin,r554,32.37735684
124,Capomulin,y793,31.896238399999998
133,Capomulin,r554,31.80484133
36,Capomulin,m601,31.75827491
94,Ramicane,j913,31.56046955
123,Capomulin,y793,31.47541076
38,Capomulin,m601,31.378045299999997
48,Ramicane,g791,31.36940573
6,Ramicane,k403,31.09949753
114,Ramicane,n364,31.09533505
104,Capomulin,u364,31.02392294
93,Ramicane,j913,31.00186078
47,Ramicane,g791,30.96039194
37,Capomulin,m601,30.83435704
84,Ramicane,z578,30.63869575
74,Ramicane,m546,30.56462509
64,Capomulin,f966,30.48598484
59,Ramicane,s508,30.27623175
27,Capomulin,x401,30.20682488
49,Ramicane,g791,29.12847181
29,Capomulin,x401,28.48403281
39,Capomulin,m601,28.43096411
17,Capomulin,s185,28.32853059
28,Capomulin,x401,28.16739732
7,Ramicane,k403,26.54699343
18,Capomulin,s185,25.47214326
8,Ramicane,k403,24.36550471
19,Capomulin,s185,23.34359787
9,Ramicane,k403,22.05012627
